seconds_since_launch,position_ned_m[0],position_ned_m[1],position_ned_m[2],velocity_ned_mps[0],velocity_ned_mps[1],velocity_ned_mps[2],accel_body_mps2[0],accel_body_mps2[1],accel_body_mps2[2],orientation_rad[0],orientation_rad[1],orientation_rad[2],angular_rate_body_radps[0],angular_rate_body_radps[1],angular_rate_body_radps[2],position_sigma_ned_m[0],position_sigma_ned_m[1],position_sigma_ned_m[2],flight_id
-5.0,5.0,8.0,-4.5,0.0,0.0,0.0,2.0,-0.1,-9.6,0.007,0.21,2.74,0.01,-0.01,0.0,0.18,0.34,0.42,10003
-4.0,-14.75,16.4,-8.075,-1.2,0.65,-0.1,1.97,-0.085,-9.33,-0.0073500000000000015,0.20299999999999999,2.733,0.01,-0.01,0.0,0.18,0.34,0.42,10003
-3.0,-34.5,24.8,-11.65,-2.4,1.3,-0.2,1.94,-0.07,-9.06,-0.021700000000000004,0.196,2.726,0.01,-0.01,0.0,0.18,0.34,0.42,10003
-2.0,-54.25,33.2,-15.225000000000001,-3.5999999999999996,1.9500000000000002,-0.30000000000000004,1.91,-0.05499999999999999,-8.79,-0.036050000000000006,0.189,2.7190000000000003,0.01,-0.01,0.0,0.18,0.34,0.42,10003
-1.0,-74.0,41.6,-18.8,-4.8,2.6,-0.4,1.88,-0.039999999999999994,-8.52,-0.05040000000000001,0.182,2.712,0.01,-0.01,0.0,0.18,0.34,0.42,10003
0.0,-93.75,50.0,-22.375,-6.0,3.25,-0.5,1.85,-0.024999999999999994,-8.25,-0.06475,0.175,2.705,0.01,-0.01,0.0,0.18,0.34,0.42,10003
1.0,-113.5,58.400000000000006,-25.950000000000003,-7.199999999999999,3.9000000000000004,-0.6000000000000001,1.8199999999999998,-0.009999999999999981,-7.98,-0.0791,0.16799999999999998,2.6980000000000004,0.01,-0.01,0.0,0.18,0.34,0.42,10003
2.0,-133.25,66.80000000000001,-29.525000000000002,-8.4,4.55,-0.7000000000000001,1.79,0.005000000000000018,-7.71,-0.09345,0.161,2.6910000000000003,0.01,-0.01,0.0,0.18,0.34,0.42,10003
3.0,-153.0,75.2,-33.1,-9.6,5.2,-0.8,1.76,0.020000000000000018,-7.4399999999999995,-0.1078,0.154,2.684,0.01,-0.01,0.0,0.18,0.34,0.42,10003
4.0,-172.75,83.60000000000001,-36.675000000000004,-10.799999999999999,5.8500000000000005,-0.9,1.73,0.03500000000000003,-7.17,-0.12215000000000001,0.147,2.677,0.01,-0.01,0.0,0.18,0.34,0.42,10003
5.0,-192.5,92.0,-40.25,-12.0,6.5,-1.0,1.7,0.05000000000000002,-6.9,-0.1365,0.14,2.67,0.01,-0.01,0.0,0.18,0.34,0.42,10003
6.0,-212.25,100.4,-43.825,-13.2,7.15,-1.1,1.67,0.06500000000000003,-6.63,-0.15085,0.133,2.6630000000000003,0.01,-0.01,0.0,0.18,0.34,0.42,10003
7.0,-232.0,108.80000000000001,-47.400000000000006,-14.399999999999999,7.800000000000001,-1.2000000000000002,1.64,0.08000000000000004,-6.36,-0.1652,0.126,2.656,0.01,-0.01,0.0,0.18,0.34,0.42,10003
8.0,-251.75,117.2,-50.975,-15.6,8.450000000000001,-1.3,1.6099999999999999,0.09500000000000003,-6.09,-0.17955000000000002,0.119,2.649,0.01,-0.01,0.0,0.18,0.34,0.42,10003
9.0,-271.5,125.60000000000001,-54.550000000000004,-16.8,9.1,-1.4000000000000001,1.5799999999999998,0.11000000000000004,-5.82,-0.19390000000000002,0.112,2.6420000000000003,0.01,-0.01,0.0,0.18,0.34,0.42,10003
10.0,-291.25,134.0,-58.125,-18.0,9.75,-1.5,1.5499999999999998,0.12500000000000003,-5.55,-0.20825000000000002,0.10500000000000001,2.6350000000000002,0.01,-0.01,0.0,0.18,0.34,0.42,10003
11.0,-311.0,142.4,-61.7,-19.2,10.4,-1.6,1.52,0.14000000000000004,-5.28,-0.22260000000000002,0.098,2.628,0.01,-0.01,0.0,0.18,0.34,0.42,10003
12.0,-330.75,150.8,-65.275,-20.4,11.05,-1.7000000000000002,1.4899999999999998,0.15500000000000005,-5.010000000000001,-0.23695000000000002,0.091,2.621,0.01,-0.01,0.0,0.18,0.34,0.42,10003
13.0,-350.5,159.20000000000002,-68.85000000000001,-21.599999999999998,11.700000000000001,-1.8,1.46,-8.2,-4.74,-0.2513,0.08399999999999999,2.614,0.01,-0.01,0.0,0.18,0.34,0.42,10003
14.0,-370.25,167.6,-72.425,-22.8,12.35,-1.9000000000000001,1.43,0.18500000000000003,-4.470000000000001,-0.26565000000000005,0.07700000000000001,2.607,0.01,-0.01,0.0,0.18,0.34,0.42,10003
15.0,-390.0,176.0,-76.0,-24.0,13.0,-2.0,1.4,0.2,-4.2,-0.28,0.07,2.6,0.01,-0.01,0.0,0.18,0.34,0.42,10003
